{
  "height": 48.521739130434788,
  "tabOrder": 5000,
  "width": 115.82608695652175,
  "x": 1147.9392628217734,
  "y": 575.75054211562849,
  "z": 4000
}