{
  "height": 34.360086767895879,
  "tabOrder": 27000,
  "width": 1279.9866377440349,
  "x": 0,
  "y": 482.60303687635582,
  "z": 26000
}