{
  "height": 72.789281364190018,
  "tabOrder": 14000,
  "width": 129.7929354445798,
  "x": 575.29841656516442,
  "y": 11.400730816077955,
  "z": 13000
}