{
  "height": 457.04347826086962,
  "tabOrder": 4000,
  "width": 1236.521739130435,
  "x": 20.347826086956523,
  "y": 244.17391304347828,
  "z": 4000
}