{
  "height": 219.13043478260872,
  "id": 2661687250,
  "tabOrder": 3000,
  "width": 236.34782608695653,
  "x": 21.913043478260871,
  "y": 106.43478260869566,
  "z": 2000
}