{
  "height": 156.56998738965953,
  "tabOrder": 14000,
  "width": 1226.7339218158891,
  "x": 29.054224464060532,
  "y": 547.18789407314,
  "z": 14000
}