{
  "height": 24.954545454545446,
  "width": 59.478260869565219,
  "x": 31.608695652173992,
  "y": 36.045454545454547,
  "z": 1000
}