{
  "height": 200.15132408575033,
  "id": 2661687260,
  "tabOrder": 8000,
  "width": 217.90668348045398,
  "x": 878.08322824716265,
  "y": 112.98865069356873,
  "z": 1000
}