{
  "height": 57.913043478260875,
  "tabOrder": 20000,
  "width": 144,
  "x": 1122.2608695652175,
  "y": 378.78260869565219,
  "z": 20000
}