{
  "height": 29.054224464060532,
  "tabOrder": 27000,
  "width": 130.74401008827238,
  "x": 1137.9863475354612,
  "y": 585.60055385118437,
  "z": 26000
}