{
  "height": 49,
  "tabOrder": 36000,
  "width": 116,
  "x": 1143.9031861696344,
  "y": 486.35096772240962,
  "z": 35000
}