{
  "height": 27,
  "tabOrder": 37000,
  "width": 116.21689785624213,
  "x": 1144.4136191677176,
  "y": 464.86759142496851,
  "z": 37000
}