{
  "height": 150,
  "tabOrder": 2000,
  "width": 1116.812749003984,
  "x": 12.749003984063744,
  "y": 84.143426294820713,
  "z": 2000
}