{
  "height": 29.054224464060532,
  "tabOrder": 21000,
  "width": 116.21689785624213,
  "x": 589.80351227465871,
  "y": 83.735112278180466,
  "z": 21000
}