{
  "height": 50.086956521739133,
  "tabOrder": 6000,
  "width": 115.82608695652175,
  "x": 1147.304347826087,
  "y": 295.82608695652175,
  "z": 5000
}