{
  "height": 72.789281364190018,
  "tabOrder": 14000,
  "width": 193.81242387332523,
  "x": 455.1522533495737,
  "y": 12.277710109622411,
  "z": 14000
}