{
  "height": 72,
  "tabOrder": 13000,
  "width": 223.82608695652175,
  "x": 84.5217391304348,
  "y": 10.956521739130435,
  "z": 11000
}