{
  "height": 59.478260869565219,
  "tabOrder": 6000,
  "width": 129.91304347826087,
  "x": 1116.7028201368528,
  "y": 246.97493099708336,
  "z": 6000
}