{
  "height": 32.282471626733923,
  "tabOrder": 18000,
  "width": 287.31399747793193,
  "x": 555.88185140073085,
  "y": 13.15468940316687,
  "z": 20000
}