{
  "height": 30.499999999999996,
  "tabOrder": 1000,
  "width": 118,
  "x": 0.30434782608699606,
  "y": 0,
  "z": 2000
}