{
  "height": 154.95652173913044,
  "tabOrder": 16000,
  "width": 1230.2608695652175,
  "x": 21.913043478260871,
  "y": 543.13043478260875,
  "z": 16000
}