{
  "height": 70.281995661605208,
  "tabOrder": 13000,
  "width": 128.06941431670282,
  "x": 607.54880694143174,
  "y": 14.056399132321042,
  "z": 13000
}