{
  "height": 72.789281364190018,
  "tabOrder": 13000,
  "width": 156.10231425091354,
  "x": 655.98051157125462,
  "y": 12.277710109622411,
  "z": 13000
}