{
  "height": 46.956521739130437,
  "tabOrder": 9000,
  "width": 178.43478260869566,
  "x": 1072.6872045197097,
  "y": 17.217391304347828,
  "z": 9000
}