{
  "height": 529.43253467843635,
  "tabOrder": 18000,
  "width": 1280,
  "x": 0,
  "y": 175.93947036569989,
  "z": 18000
}