{
  "height": 59.478260869565219,
  "tabOrder": 2000,
  "width": 129.91304347826087,
  "x": 1134.7826086956522,
  "y": 205.04347826086959,
  "z": 13000
}