{
  "height": 35,
  "tabOrder": 9000,
  "width": 116.21689785624213,
  "x": 775.39206047962455,
  "y": 80.374527112232016,
  "z": 9000
}