{
  "height": 142,
  "tabOrder": 28000,
  "width": 1116.812749003984,
  "x": 12.749003984063744,
  "y": 423.2669322709163,
  "z": 27000
}