{
  "height": 49,
  "tabOrder": 1000,
  "width": 116,
  "x": 1147.6587668318975,
  "y": 99.232496031855,
  "z": 1000
}