{
  "height": 72.789281364190018,
  "tabOrder": 13000,
  "width": 166.626065773447,
  "x": 705.09135200974424,
  "y": 10.523751522533496,
  "z": 12000
}