{
  "height": 61,
  "tabOrder": 21000,
  "width": 118.304347826087,
  "x": 1144.2017508938377,
  "y": 506.70546729487529,
  "z": 30000
}