{
  "height": 156.52173913043478,
  "tabOrder": 16000,
  "width": 1222.4347826086957,
  "x": 29.739130434782609,
  "y": 541.56521739130437,
  "z": 16000
}