{
  "height": 29.054224464060532,
  "tabOrder": 19000,
  "width": 116.21689785624213,
  "x": 602.680837276598,
  "y": 82.694829760403522,
  "z": 19000
}