{
  "height": 30.668348045397227,
  "tabOrder": 20000,
  "width": 122.67339218158891,
  "x": 261.48802017654475,
  "y": 80.7061790668348,
  "z": 20000
}