{
  "height": 118,
  "tabOrder": 5000,
  "width": 1116.9735182849938,
  "x": 12.941414997148829,
  "y": 217.08242388074524,
  "z": 4000
}