{
  "height": 33.896595208070622,
  "tabOrder": 23000,
  "width": 116.21689785624213,
  "x": 437.42749054224464,
  "y": 80,
  "z": 23000
}