{
  "height": 54.782608695652179,
  "tabOrder": 2000,
  "width": 116,
  "x": 774.75019414923338,
  "y": 111.16327649542193,
  "z": 2000
}