{
  "height": 72.789281364190018,
  "tabOrder": 12000,
  "width": 203.45919610231425,
  "x": 666.504263093788,
  "y": 11.400730816077955,
  "z": 12000
}