{
  "height": 35.921908893709329,
  "tabOrder": 8000,
  "width": 115.57483731019524,
  "x": 1147.939262472885,
  "y": 81.214750542299356,
  "z": 7000
}