{
  "height": 34.434782608695656,
  "tabOrder": 10000,
  "width": 211.30434782608697,
  "x": 1055.4698132153617,
  "y": 53.217391304347828,
  "z": 10000
}