{
  "height": 54.880201765447666,
  "tabOrder": 2000,
  "width": 114.60277427490543,
  "x": 229.89159561510354,
  "y": 111.37637028014616,
  "z": 2000
}