{
  "height": 72.789281364190018,
  "tabOrder": 12000,
  "width": 247.30816077953716,
  "x": 812.95980511571258,
  "y": 12.277710109622411,
  "z": 12000
}