{
  "height": 29.739130434782609,
  "tabOrder": 26000,
  "width": 115.82608695652175,
  "x": 1145.7391304347827,
  "y": 250.43478260869568,
  "z": 25000
}