{
  "height": 61,
  "tabOrder": 20000,
  "width": 118.304347826087,
  "x": 1147.9404463880689,
  "y": 635.03030443937621,
  "z": 15000
}