{
  "height": 71.912302070645552,
  "tabOrder": 13000,
  "width": 163.1181485992692,
  "x": 869.96345919610235,
  "y": 11.400730816077955,
  "z": 13000
}