{
  "height": 61,
  "tabOrder": 19000,
  "width": 118.304347826087,
  "x": 1147.3080159527208,
  "y": 346.46677408366128,
  "z": 14000
}