{
  "height": 36,
  "tabOrder": 4000,
  "width": 115.82608695652175,
  "x": 981.39130434782612,
  "y": 82.956521739130437,
  "z": 4000
}