{
  "height": 67.304347826086968,
  "tabOrder": 9000,
  "width": 222.2608695652174,
  "x": 87.652173913043484,
  "y": 10.956521739130435,
  "z": 9000
}