{
  "height": 171.66180758017492,
  "tabOrder": 16000,
  "width": 216.44314868804665,
  "x": 837.162293488824,
  "y": 345.81146744412047,
  "z": 16000
}