{
  "height": 200.15132408575033,
  "id": 2661687261,
  "tabOrder": 9000,
  "width": 813.51828499369481,
  "x": 30.668348045397227,
  "y": 112.98865069356873,
  "z": 2000
}