{
  "height": 66.179066834804544,
  "tabOrder": 13000,
  "width": 222.74905422446406,
  "x": 96.847414880201768,
  "y": 9.6847414880201761,
  "z": 12000
}