{
  "height": 59.722572509457756,
  "tabOrder": 3000,
  "width": 130.74401008827238,
  "x": 1122.5152973426566,
  "y": 104.91803278688525,
  "z": 6000
}