{
  "height": 150.2608695652174,
  "tabOrder": 19000,
  "width": 1233.3913043478262,
  "x": 25.043478260869566,
  "y": 547.82608695652175,
  "z": 19000
}