{
  "height": 50.037831021437583,
  "tabOrder": 8000,
  "width": 116.21689785624213,
  "x": 1147.6691080454086,
  "y": 357.65142707662011,
  "z": 7000
}