{
  "height": 151.82608695652175,
  "id": 2661687257,
  "tabOrder": 8000,
  "width": 1222.4347826086957,
  "x": 29.739130434782609,
  "y": 363.13043478260875,
  "z": 0
}