{
  "height": 35.921908893709329,
  "tabOrder": 4000,
  "width": 117.13665943600869,
  "x": 848.06941431670293,
  "y": 82.7765726681128,
  "z": 4000
}