{
  "height": 54.782608695652179,
  "tabOrder": 4000,
  "width": 116,
  "x": 602.246088559423,
  "y": 111.41091054079138,
  "z": 4000
}