{
  "height": 72,
  "tabOrder": 12000,
  "width": 148.69565217391306,
  "x": 786.46526641091816,
  "y": 10.970411769540561,
  "z": 10000
}