{
  "height": 72,
  "tabOrder": 10000,
  "width": 189.39130434782609,
  "x": 460.90004901961373,
  "y": 10.926933508670997,
  "z": 8000
}