{
  "height": 72.789281364190018,
  "tabOrder": 15000,
  "width": 113.13032886723508,
  "x": 449.890377588307,
  "y": 10.523751522533496,
  "z": 14000
}