{
  "height": 35.697211155378483,
  "tabOrder": 24000,
  "width": 1280,
  "x": 0,
  "y": 224.38247011952191,
  "z": 23000
}