{
  "height": 35.510718789407314,
  "tabOrder": 6000,
  "width": 211.45018915510718,
  "x": 1034.6532156368223,
  "y": 48.423707440100884,
  "z": 9000
}