{
  "height": 233.21739130434784,
  "id": 2661687283,
  "tabOrder": 4000,
  "width": 1234.9565217391305,
  "x": 20.347826086956523,
  "y": 461.73913043478262,
  "z": 0
}