{
  "height": 61,
  "tabOrder": 3000,
  "width": 117.39130434782609,
  "x": 1148.869984171333,
  "y": 168.04355278669539,
  "z": 13000
}