{
  "height": 35.510718789407314,
  "tabOrder": 33000,
  "width": 1280,
  "x": 0,
  "y": 573.01387137452718,
  "z": 32000
}