{
  "height": 188.98047722342736,
  "tabOrder": 4000,
  "width": 1116.7028199566162,
  "x": 12.494577006507594,
  "y": 516.96312364425171,
  "z": 3000
}