{
  "height": 29.739130434782609,
  "tabOrder": 15000,
  "width": 115.82608695652175,
  "x": 851.634631708011,
  "y": 85.842497406401876,
  "z": 15000
}