{
  "height": 61,
  "tabOrder": 20000,
  "width": 118.304347826087,
  "x": 1147.682208593787,
  "y": 657.68734267678929,
  "z": 15000
}