{
  "height": 48.423707440100884,
  "tabOrder": 5000,
  "width": 209.8360655737705,
  "x": 1033.0390920554855,
  "y": 16.141235813366961,
  "z": 8000
}