{
  "height": 54.782608695652179,
  "tabOrder": 3000,
  "width": 116,
  "x": 768.19006669253326,
  "y": 114.08498752916482,
  "z": 3000
}