{
  "height": 29.054224464060532,
  "tabOrder": 21000,
  "width": 116.21689785624213,
  "x": 436.43256355323007,
  "y": 83.710855170465621,
  "z": 21000
}