{
  "height": 447.6521739130435,
  "tabOrder": 3000,
  "width": 1234.9565217391305,
  "x": 21.913043478260871,
  "y": 247.30434782608697,
  "z": 3000
}