{
  "height": 73.565217391304358,
  "tabOrder": 8000,
  "width": 1172.3478260869565,
  "x": 92.34782608695653,
  "y": 7.82608695652174,
  "z": 8000
}