{
  "height": 46.111801242236027,
  "tabOrder": 10000,
  "width": 193.98757763975155,
  "x": 1063.7515527950311,
  "y": 15.900621118012422,
  "z": 10000
}