{
  "height": 34.434782608695656,
  "tabOrder": 7000,
  "width": 211.30434782608697,
  "x": 1067.4782608695652,
  "y": 50.382838826333526,
  "z": 11000
}