{
  "height": 73.7844611528822,
  "tabOrder": 4000,
  "width": 1170.9273182957395,
  "x": 93.0325814536341,
  "y": 11.228070175438598,
  "z": 4000
}