{
  "height": 55,
  "tabOrder": 19000,
  "width": 166,
  "x": 813.913043478261,
  "y": 15.65217391304348,
  "z": 22000
}