{
  "height": 54.663774403470718,
  "tabOrder": 18000,
  "width": 148.37310195227766,
  "x": 312.36442516268983,
  "y": 18.741865509761389,
  "z": 18000
}