{
  "height": 176.48590021691976,
  "tabOrder": 2000,
  "width": 1116.7028199566162,
  "x": 12.494577006507594,
  "y": 96.832971800433853,
  "z": 2000
}