{
  "height": 54.782608695652179,
  "tabOrder": 19000,
  "width": 116,
  "x": 435.99781483605517,
  "y": 112.42693595085348,
  "z": 19000
}