{
  "height": 72.789281364190018,
  "tabOrder": 18000,
  "width": 159.61023142509137,
  "x": 904.16565164433621,
  "y": 11.400730816077955,
  "z": 18000
}