{
  "height": 54.782608695652179,
  "tabOrder": 1000,
  "width": 115.82608695652175,
  "x": 981.39130434782612,
  "y": 112.69565217391305,
  "z": 1000
}