{
  "height": 50.086956521739133,
  "tabOrder": 1000,
  "width": 115.82608695652175,
  "x": 1147.304347826087,
  "y": 118.95652173913044,
  "z": 1000
}