{
  "height": 59.478260869565219,
  "tabOrder": 5000,
  "width": 129.91304347826087,
  "x": 1117.5652173913045,
  "y": 90.782605482806261,
  "z": 9000
}