{
  "height": 72,
  "tabOrder": 13000,
  "width": 214.43478260869566,
  "x": 349.04347826086962,
  "y": 10.956521739130435,
  "z": 13000
}