{
  "height": 59.478260869565219,
  "tabOrder": 2000,
  "width": 129.91304347826087,
  "x": 1117.5652173913045,
  "y": 288.434782117285,
  "z": 6000
}