{
  "height": 35.510718789407314,
  "tabOrder": 10000,
  "width": 116.21689785624213,
  "x": 1147.6418663303909,
  "y": 71.021437578814627,
  "z": 9000
}