{
  "height": 71.0353227771011,
  "tabOrder": 14000,
  "width": 160.48721071863582,
  "x": 735.7856272838003,
  "y": 14.908647990255787,
  "z": 14000
}