{
  "height": 150.43824701195217,
  "tabOrder": 7000,
  "width": 1116.812749003984,
  "x": 12.749003984063744,
  "y": 254.98007968127487,
  "z": 6000
}