{
  "height": 230.08695652173915,
  "id": 2661687270,
  "tabOrder": 11000,
  "width": 228.52173913043481,
  "x": 555.6521739130435,
  "y": 106.43478260869566,
  "z": 3000
}