{
  "height": 72,
  "tabOrder": 10000,
  "width": 228.52173913043481,
  "x": 109.56521739130436,
  "y": 10.956521739130435,
  "z": 10000
}