{
  "height": 59.478260869565219,
  "tabOrder": 20000,
  "width": 137,
  "x": 1095.6521736355849,
  "y": 393.50850689401096,
  "z": 20000
}