{
  "height": 35.510718789407314,
  "tabOrder": 28000,
  "width": 1280,
  "x": 0,
  "y": 193.69482976040354,
  "z": 27000
}