{
  "height": 54.880201765447666,
  "tabOrder": 14000,
  "width": 116.21689785624213,
  "x": 1141.1853720050442,
  "y": 16.141235813366961,
  "z": 16000
}