{
  "height": 72.789281364190018,
  "tabOrder": 12000,
  "width": 229.768574908648,
  "x": 92.959805115712555,
  "y": 11.400730816077955,
  "z": 12000
}