{
  "height": 72,
  "tabOrder": 10000,
  "width": 194.08695652173915,
  "x": 309.91304347826087,
  "y": 9.3913043478260878,
  "z": 10000
}