{
  "height": 557.21739130434787,
  "tabOrder": 5000,
  "width": 674.608695652174,
  "x": 605.37286956521734,
  "y": 126.78260869565219,
  "z": 5000
}