{
  "height": 116.21689785624213,
  "tabOrder": 6000,
  "width": 1116.9735182849938,
  "x": 16.141235813366961,
  "y": 597.22572509457757,
  "z": 5000
}