{
  "height": 59.722572509457756,
  "tabOrder": 2000,
  "width": 130.74401008827238,
  "x": 1122.5152973426566,
  "y": 261.48802017654475,
  "z": 5000
}