{
  "height": 39.130434782608695,
  "tabOrder": 34000,
  "width": 68.869565217391312,
  "x": 1170.7826086956522,
  "y": 590.08695652173913,
  "z": 34000
}