{
  "height": 39.130434782608695,
  "tabOrder": 33000,
  "width": 68.869565217391312,
  "x": 1167.6521739130435,
  "y": 89.217391304347828,
  "z": 33000
}