{
  "height": 26.608695652173914,
  "tabOrder": 31000,
  "width": 115.82608695652175,
  "x": 1144.1739130434783,
  "y": 419.47826086956525,
  "z": 31000
}