{
  "height": 30.694275274056032,
  "tabOrder": 17000,
  "width": 122.77710109622413,
  "x": 345.28192167849153,
  "y": 79.795151920185873,
  "z": 17000
}