{
  "height": 36,
  "tabOrder": 10000,
  "width": 140.86956521739131,
  "x": 1134.7826086956522,
  "y": 569.73913043478262,
  "z": 9000
}