{
  "height": 180,
  "tabOrder": 17000,
  "width": 295.82608695652175,
  "x": 510.26086956521743,
  "y": 108,
  "z": 17000
}