{
  "height": 35.921908893709329,
  "tabOrder": 10000,
  "width": 140.56399132321042,
  "x": 1135.4446854663775,
  "y": 520.08676789587855,
  "z": 9000
}