{
  "height": 39.130434782608695,
  "tabOrder": 36000,
  "width": 89.217391304347828,
  "x": 1161.3913043478262,
  "y": 266.08695652173913,
  "z": 36000
}