{
  "height": 81.3913043478261,
  "width": 84.5217391304348,
  "x": 3.1304347826086958,
  "y": 3.1304347826086958,
  "z": 0
}