{
  "height": 35.510718789407314,
  "tabOrder": 30000,
  "width": 1280,
  "x": 0,
  "y": 448.72635561160155,
  "z": 29000
}