{
  "height": 54.880201765447666,
  "tabOrder": 3000,
  "width": 114.60277427490543,
  "x": 270.17137952123852,
  "y": 111.74905422446405,
  "z": 3000
}