{
  "height": 54.663774403470718,
  "tabOrder": 16000,
  "width": 148.37310195227766,
  "x": 324.85900216919742,
  "y": 18.741865509761389,
  "z": 16000
}