{
  "height": 59.478260869565219,
  "tabOrder": 4000,
  "width": 129.91304347826087,
  "x": 1117.5652173913045,
  "y": 156.95652124771973,
  "z": 8000
}