{
  "height": 35,
  "tabOrder": 6000,
  "width": 116.21689785624213,
  "x": 602.680837276598,
  "y": 80.374527112232016,
  "z": 6000
}