{
  "height": 59.722572509457756,
  "tabOrder": 12000,
  "width": 116.21689785624213,
  "x": 1139.5712484237074,
  "y": 16.141235813366961,
  "z": 12000
}