{
  "height": 46.956521739130437,
  "tabOrder": 16000,
  "width": 129.91304347826087,
  "x": 1137.913043478261,
  "y": 21.913043478260871,
  "z": 15000
}