{
  "height": 230.08695652173915,
  "id": 2661687261,
  "tabOrder": 10000,
  "width": 493.04347826086962,
  "x": 29.739130434782609,
  "y": 106.43478260869566,
  "z": 2000
}