{
  "height": 35.510718789407314,
  "tabOrder": 11000,
  "width": 116.21689785624213,
  "x": 1147.6406816989534,
  "y": 332.4234545008398,
  "z": 10000
}