{
  "height": 72,
  "tabOrder": 19000,
  "width": 153.39130434782609,
  "x": 871.82608695652186,
  "y": 10.956521739130435,
  "z": 19000
}