{
  "height": 39.045553145336228,
  "tabOrder": 34000,
  "width": 68.720173535791758,
  "x": 1171.3665943600868,
  "y": 546.63774403470723,
  "z": 34000
}