{
  "height": 34.360086767895879,
  "tabOrder": 20000,
  "width": 115.57483731019524,
  "x": 435.74837310195232,
  "y": 81.214750542299356,
  "z": 20000
}