{
  "height": 57.913043478260875,
  "id": 2661687252,
  "tabOrder": 9000,
  "width": 144,
  "x": 1122,
  "y": 98.608695652173921,
  "z": 6000
}