{
  "height": 61,
  "tabOrder": 3000,
  "width": 117.39130434782609,
  "x": 1148.1723536741454,
  "y": 147.57162835914374,
  "z": 16000
}