{
  "height": 34.434782608695656,
  "tabOrder": 13000,
  "width": 233.21739130434784,
  "x": 537.71132764920833,
  "y": 43.8489646772229,
  "z": 13000
}