{
  "height": 35.921908893709329,
  "tabOrder": 24000,
  "width": 1279.9866377440349,
  "x": 0,
  "y": 270.19522776572671,
  "z": 23000
}