{
  "height": 54.663774403470718,
  "tabOrder": 22000,
  "width": 148.37310195227766,
  "x": 585.68329718004338,
  "y": 98.3947939262473,
  "z": 22000
}