{
  "height": 72,
  "tabOrder": 14000,
  "width": 153.39130434782609,
  "x": 934.86503628023672,
  "y": 10.956521739130435,
  "z": 12000
}