{
  "height": 74.249684741488025,
  "width": 74.249684741488025,
  "x": 12.912988650693569,
  "y": 3.2282471626733922,
  "z": 0
}