{
  "height": 81.895734597156391,
  "width": 84.928909952606631,
  "x": 6.0663507109004735,
  "y": 6.0663507109004735,
  "z": 4000
}