{
  "height": 59.722572509457756,
  "tabOrder": 12000,
  "width": 166.2547288776797,
  "x": 803.8335435056747,
  "y": 16.141235813366961,
  "z": 12000
}