{
  "height": 50.086956521739133,
  "tabOrder": 8000,
  "width": 148.69565217391306,
  "x": 1106.608695652174,
  "y": 0,
  "z": 6000
}