{
  "height": 49,
  "tabOrder": 7000,
  "width": 116,
  "x": 1147.6967034529275,
  "y": 612.23190646910632,
  "z": 6000
}