{
  "height": 29.054224464060532,
  "tabOrder": 18000,
  "width": 116.21689785624213,
  "x": 775.39206047962455,
  "y": 81.080706179066823,
  "z": 18000
}