{
  "height": 48.423707440100884,
  "tabOrder": 4000,
  "width": 116.21689785624213,
  "x": 1147.6702926768462,
  "y": 233.2236596941122,
  "z": 3000
}