{
  "height": 61,
  "tabOrder": 3000,
  "width": 117.39130434782609,
  "x": 1149.4948200587392,
  "y": 188.34725279312352,
  "z": 13000
}