{
  "height": 30.668348045397227,
  "tabOrder": 32000,
  "width": 116.21689785624213,
  "x": 1147.6406816989534,
  "y": 335.65170166351328,
  "z": 31000
}