{
  "height": 35.697211155378483,
  "tabOrder": 25000,
  "width": 1280,
  "x": 0,
  "y": 397.76892430278883,
  "z": 24000
}