{
  "height": 59.478260869565219,
  "id": 2661687243,
  "tabOrder": 3000,
  "width": 137,
  "x": 1095.6521736355849,
  "y": 177.50850689401079,
  "z": 1000
}