{
  "height": 72,
  "tabOrder": 4000,
  "width": 214.43478260869566,
  "x": 796.69565217391312,
  "y": 10.956521739130435,
  "z": 4000
}