{
  "height": 81.093167701863351,
  "width": 84.273291925465841,
  "x": 6.3602484472049685,
  "y": 7.9503105590062111,
  "z": 8000
}