{
  "height": 29.674620390455534,
  "tabOrder": 23000,
  "width": 131.19305856832972,
  "x": 1138.5683297180044,
  "y": 523.21041214750551,
  "z": 22000
}