{
  "height": 114,
  "tabOrder": 34000,
  "width": 1116.9735182849938,
  "x": 12.912988650693569,
  "y": 471.32408575031525,
  "z": 33000
}