{
  "height": 72.789281364190018,
  "tabOrder": 11000,
  "width": 167.50304506699149,
  "x": 491.98538367844094,
  "y": 10.523751522533496,
  "z": 11000
}