{
  "height": 64.173913043478265,
  "tabOrder": 15000,
  "width": 195.6521739130435,
  "x": 1076.8695652173915,
  "y": 25.043478260869566,
  "z": 15000
}