{
  "height": 202.75996112730806,
  "id": 2661687250,
  "tabOrder": 7000,
  "width": 216.44314868804665,
  "x": 837.162293488824,
  "y": 113.19727891156462,
  "z": 5000
}