{
  "height": 557.21739130434787,
  "id": 2661687257,
  "tabOrder": 3000,
  "width": 574.43478260869574,
  "x": 6.2608695652173916,
  "y": 126.78260869565219,
  "z": 0
}