{
  "height": 36,
  "tabOrder": 29000,
  "width": 112.69565217391305,
  "x": 1145.7391304347827,
  "y": 413.21739130434787,
  "z": 28000
}