{
  "height": 59.478260869565219,
  "tabOrder": 7000,
  "width": 129.91304347826087,
  "x": 1118.2680375281573,
  "y": 171.84449621447493,
  "z": 7000
}