{
  "height": 54.880201765447666,
  "tabOrder": 18000,
  "width": 143,
  "x": 989.4577553593947,
  "y": 16.141235813366961,
  "z": 21000
}