{
  "height": 48.521739130434788,
  "tabOrder": 2000,
  "width": 186.2608695652174,
  "x": 1056.5217391304348,
  "y": 15.65217391304348,
  "z": 3000
}