{
  "height": 29.054224464060532,
  "tabOrder": 16000,
  "width": 116.21689785624213,
  "x": 768.62481540970828,
  "y": 85.368906748776965,
  "z": 16000
}