{
  "height": 72,
  "tabOrder": 11000,
  "width": 137.73913043478262,
  "x": 650.2913533674398,
  "y": 10.926933508670997,
  "z": 9000
}