{
  "height": 529.45770065075931,
  "tabOrder": 18000,
  "width": 1085.4663774403471,
  "x": 87.462039045553155,
  "y": 176.48590021691976,
  "z": 18000
}