{
  "height": 54.880201765447666,
  "tabOrder": 2000,
  "width": 114.60277427490543,
  "x": 354.11347172348144,
  "y": 110.86211113855978,
  "z": 2000
}