{
  "height": 54.782608695652179,
  "tabOrder": 22000,
  "width": 116,
  "x": 438.02382564480433,
  "y": 111.41091054079136,
  "z": 22000
}