{
  "height": 118,
  "tabOrder": 9000,
  "width": 1117,
  "x": 12.940231852925233,
  "y": 343.51069727535645,
  "z": 8000
}