{
  "height": 29.739130434782609,
  "tabOrder": 15000,
  "width": 115.82608695652175,
  "x": 982.95652173913049,
  "y": 86.08695652173914,
  "z": 15000
}