{
  "height": 203.47826086956525,
  "id": 2661687249,
  "tabOrder": 6000,
  "width": 497.73913043478262,
  "x": 308.34782608695656,
  "y": 112.69565217391305,
  "z": 4000
}