{
  "height": 50.086956521739133,
  "tabOrder": 1000,
  "width": 115.82608695652175,
  "x": 1147.8725709614812,
  "y": 131.62672371793053,
  "z": 1000
}