{
  "height": 123,
  "tabOrder": 2000,
  "width": 1117,
  "x": 13.051629957431727,
  "y": 84.012459715087587,
  "z": 2000
}