{
  "height": 34.434782608695656,
  "tabOrder": 9000,
  "width": 115.82608695652175,
  "x": 1147.304347826087,
  "y": 247.30434782608697,
  "z": 8000
}