{
  "height": 30.668348045397227,
  "tabOrder": 17000,
  "width": 116.21689785624213,
  "x": 944.87503651997781,
  "y": 82.694829760403522,
  "z": 17000
}