{
  "height": 57.913043478260875,
  "id": 2661687241,
  "tabOrder": 3000,
  "width": 144,
  "x": 1122,
  "y": 167.47826086956522,
  "z": 0
}