{
  "height": 103.30434782608697,
  "id": 2661687255,
  "tabOrder": 10000,
  "width": 228.52173913043481,
  "x": 12.521739130434783,
  "y": 0,
  "z": 7000
}