{
  "height": 72,
  "tabOrder": 14000,
  "width": 214.43478260869566,
  "x": 586.95652173913049,
  "y": 10.956521739130435,
  "z": 14000
}