{
  "height": 179.60954446854666,
  "tabOrder": 28000,
  "width": 1116.7028199566162,
  "x": 12.494577006507594,
  "y": 302.99349240780913,
  "z": 27000
}