{
  "height": 61,
  "tabOrder": 24000,
  "width": 118.304347826087,
  "x": 1144.3389531968705,
  "y": 530.36759330229552,
  "z": 36000
}