{
  "height": 57.913043478260875,
  "id": 2661687242,
  "tabOrder": 2000,
  "width": 137,
  "x": 1095.6521736355849,
  "y": 251.07372428531534,
  "z": 0
}