{
  "height": 230.08695652173915,
  "id": 2661687260,
  "tabOrder": 9000,
  "width": 275.47826086956525,
  "x": 818.608695652174,
  "y": 106.43478260869566,
  "z": 1000
}