{
  "height": 45.391304347826093,
  "tabOrder": 14000,
  "width": 288,
  "x": 504.84176243181662,
  "y": 15.675051633744653,
  "z": 14000
}