{
  "height": 34.981366459627331,
  "tabOrder": 11000,
  "width": 213.06832298136646,
  "x": 1054.2111801242236,
  "y": 50.881987577639748,
  "z": 11000
}