{
  "height": 72,
  "tabOrder": 9000,
  "width": 172.17391304347828,
  "x": 294.26086956521743,
  "y": 10.956521739130435,
  "z": 7000
}