{
  "height": 48.521739130434788,
  "tabOrder": 30000,
  "width": 115.82608695652175,
  "x": 1144.1739130434783,
  "y": 460.17391304347831,
  "z": 29000
}