{
  "height": 32.282471626733923,
  "tabOrder": 21000,
  "width": 287.31399747793193,
  "x": 521.36191677175282,
  "y": 12.912988650693569,
  "z": 24000
}