{
  "height": 30.668348045397227,
  "tabOrder": 22000,
  "width": 116.21689785624213,
  "x": 1148.2657112302907,
  "y": 79.219455349342311,
  "z": 21000
}