{
  "height": 48.521739130434788,
  "tabOrder": 30000,
  "width": 115.82608695652175,
  "x": 1144.7877803708986,
  "y": 349.17126570521907,
  "z": 29000
}