{
  "height": 72.789281364190018,
  "tabOrder": 15000,
  "width": 117.51522533495738,
  "x": 476.1997563946407,
  "y": 11.400730816077955,
  "z": 15000
}