{
  "height": 53.143939393939384,
  "tabOrder": 2000,
  "width": 116,
  "x": 0,
  "y": 4.1590909090908967,
  "z": 0
}