{
  "height": 72,
  "tabOrder": 15000,
  "width": 214.43478260869566,
  "x": 818.608695652174,
  "y": 11,
  "z": 15000
}