{
  "height": 30.694275274056032,
  "tabOrder": 17000,
  "width": 122.77710109622413,
  "x": 221.06004557011363,
  "y": 80.309411061772252,
  "z": 17000
}