{
  "height": 48.521739130434788,
  "tabOrder": 5000,
  "width": 115.82608695652175,
  "x": 1147.304347826087,
  "y": 615.13043478260875,
  "z": 4000
}