{
  "height": 54.782608695652179,
  "tabOrder": 19000,
  "width": 116,
  "x": 589.36876355748382,
  "y": 112.45119305856832,
  "z": 19000
}