{
  "height": 61,
  "tabOrder": 25000,
  "width": 118.304347826087,
  "x": 1147.744987035778,
  "y": 279.33666476087143,
  "z": 17000
}