{
  "height": 72.789281364190018,
  "tabOrder": 11000,
  "width": 228.89159561510354,
  "x": 88.574908647990256,
  "y": 10.523751522533496,
  "z": 10000
}