{
  "height": 35.697211155378483,
  "tabOrder": 27000,
  "width": 1280,
  "x": 0,
  "y": 558.406374501992,
  "z": 26000
}