{
  "height": 174.32534678436318,
  "id": 2661687257,
  "tabOrder": 7000,
  "width": 815.1324085750316,
  "x": 29.054224464060532,
  "y": 343.8083228247163,
  "z": 0
}