{
  "height": 59.478260869565219,
  "tabOrder": 17000,
  "width": 129.91304347826087,
  "x": 1116.7028201368528,
  "y": 392.54014838838771,
  "z": 17000
}