{
  "height": 59.478260869565219,
  "tabOrder": 5000,
  "width": 129.91304347826087,
  "x": 1116.7028201368528,
  "y": 318.97493099708333,
  "z": 5000
}