{
  "height": 33.896595208070622,
  "tabOrder": 7000,
  "width": 140.42875157629257,
  "x": 255.64426728920816,
  "y": 80,
  "z": 7000
}