{
  "height": 54.663774403470718,
  "tabOrder": 32000,
  "width": 148.37310195227766,
  "x": 446.68112798264644,
  "y": 14.056399132321042,
  "z": 32000
}