{
  "height": 72.789281364190018,
  "tabOrder": 11000,
  "width": 220.12180267965897,
  "x": 92.959805115712555,
  "y": 11.400730816077955,
  "z": 11000
}