{
  "height": 39.130434782608695,
  "tabOrder": 35000,
  "width": 68.869565217391312,
  "x": 1165.1356064578554,
  "y": 319.43213527043639,
  "z": 35000
}