{
  "height": 35.510718789407314,
  "tabOrder": 29000,
  "width": 1280,
  "x": 0,
  "y": 321.21059268600254,
  "z": 28000
}