{
  "height": 35,
  "tabOrder": 5000,
  "width": 116.21689785624213,
  "x": 768.62481540970828,
  "y": 83.048604100605459,
  "z": 5000
}