{
  "height": 203.47826086956525,
  "tabOrder": 17000,
  "width": 247.30434782608697,
  "x": 25.043478260869566,
  "y": 112.69565217391305,
  "z": 17000
}