{
  "height": 35.921908893709329,
  "tabOrder": 29000,
  "width": 112.45119305856834,
  "x": 1146.3774403470716,
  "y": 302.99349240780913,
  "z": 28000
}