{
  "height": 33.896595208070622,
  "tabOrder": 20000,
  "width": 234.04791929382094,
  "x": 545.57377049180332,
  "y": 43.581336696090794,
  "z": 23000
}