{
  "height": 45.391304347826093,
  "tabOrder": 16000,
  "width": 288,
  "x": 527.47826086956525,
  "y": 15.65217391304348,
  "z": 16000
}