{
  "height": 66.179066834804544,
  "tabOrder": 15000,
  "width": 169.48297604035309,
  "x": 334.12358133669608,
  "y": 8.07061790668348,
  "z": 14000
}