{
  "height": 35,
  "tabOrder": 5000,
  "width": 116.21689785624213,
  "x": 944.87503651997781,
  "y": 80.374527112232016,
  "z": 5000
}