{
  "height": 172.17391304347828,
  "tabOrder": 18000,
  "width": 1231,
  "x": 25.043478260869566,
  "y": 529.04347826086962,
  "z": 18000
}