{
  "height": 212.86956521739131,
  "id": 2661687289,
  "tabOrder": 5000,
  "width": 294.26086956521743,
  "x": 20.347826086956523,
  "y": 214.43478260869566,
  "z": 1000
}