{
  "height": 180,
  "id": 2661687249,
  "tabOrder": 8000,
  "width": 266.08695652173913,
  "x": 834.26086956521749,
  "y": 108,
  "z": 5000
}