{
  "height": 35.921908893709329,
  "tabOrder": 6000,
  "width": 167.11496746203906,
  "x": 327.98264642082432,
  "y": 82.7765726681128,
  "z": 6000
}