{
  "height": 162.84023668639054,
  "width": 1253.491124260355,
  "x": 9.4674556213017755,
  "y": 0,
  "z": 0
}