{
  "height": 30.668348045397227,
  "tabOrder": 26000,
  "width": 116.21689785624213,
  "x": 1147.6418663303909,
  "y": 71.021437578814627,
  "z": 25000
}