{
  "height": 29.054224464060532,
  "tabOrder": 24000,
  "width": 116.21689785624213,
  "x": 438.45857436197923,
  "y": 82.694829760403508,
  "z": 24000
}