{
  "height": 172.17391304347828,
  "id": 2661687244,
  "tabOrder": 4000,
  "width": 781.04347826086962,
  "x": 25.043478260869566,
  "y": 345.91304347826087,
  "z": 2000
}