{
  "height": 35.510718789407314,
  "tabOrder": 14000,
  "width": 116.21689785624213,
  "x": 1149.2559899117277,
  "y": 204.99369482976041,
  "z": 13000
}