{
  "height": 29.054224464060532,
  "tabOrder": 31000,
  "width": 116.21689785624213,
  "x": 1147.6418663303909,
  "y": 206.6078184110971,
  "z": 30000
}