{
  "height": 174.32534678436318,
  "tabOrder": 15000,
  "width": 377,
  "x": 878.08322824716265,
  "y": 343.8083228247163,
  "z": 15000
}