{
  "height": 61,
  "tabOrder": 21000,
  "width": 118.304347826087,
  "x": 1144.8156182212581,
  "y": 401.95013014465707,
  "z": 30000
}