{
  "height": 35.510718789407314,
  "tabOrder": 35000,
  "width": 112.98865069356873,
  "x": 1146.0277427490544,
  "y": 461.63934426229508,
  "z": 34000
}