{
  "height": 219.13043478260872,
  "id": 2661687249,
  "tabOrder": 2000,
  "width": 519.6521739130435,
  "x": 292.69565217391306,
  "y": 106.43478260869566,
  "z": 1000
}