{
  "height": 35.956151035322776,
  "tabOrder": 6000,
  "width": 166.626065773447,
  "x": 203.52045969922438,
  "y": 82.063369648861169,
  "z": 6000
}