{
  "height": 35.510718789407314,
  "tabOrder": 12000,
  "width": 140.42875157629257,
  "x": 1134.7288776796975,
  "y": 585.92686002522066,
  "z": 11000
}