{
  "height": 68.404384896467732,
  "tabOrder": 12000,
  "width": 128.91595615103532,
  "x": 319.22046285018274,
  "y": 4.38489646772229,
  "z": 11000
}