{
  "height": 57.913043478260875,
  "id": 2661687246,
  "tabOrder": 7000,
  "width": 144,
  "x": 1122,
  "y": 236.34782608695653,
  "z": 4000
}