{
  "height": 59.478260869565219,
  "tabOrder": 21000,
  "width": 137.73913043478262,
  "x": 1095.6521739130435,
  "y": 466.43478260869568,
  "z": 21000
}