{
  "height": 212.86956521739131,
  "id": 2661687290,
  "tabOrder": 6000,
  "width": 358.43478260869568,
  "x": 754.43478260869574,
  "y": 214.43478260869566,
  "z": 2000
}