{
  "height": 33.896595208070622,
  "tabOrder": 17000,
  "width": 234.04791929382094,
  "x": 580.09370512078135,
  "y": 43.823037448564087,
  "z": 19000
}