{
  "height": 56.347826086956523,
  "tabOrder": 1000,
  "width": 306.78260869565219,
  "x": 491.47826086956525,
  "y": 18.782608695652176,
  "z": 2000
}