{
  "height": 59.478260869565219,
  "tabOrder": 8000,
  "width": 129.91304347826087,
  "x": 1118.9729587943073,
  "y": 98.122332557255262,
  "z": 8000
}