{
  "height": 39.045553145336228,
  "tabOrder": 33000,
  "width": 68.720173535791758,
  "x": 1168.24295010846,
  "y": 99.956616052060753,
  "z": 33000
}