{
  "height": 212.86956521739131,
  "tabOrder": 3000,
  "width": 377.21739130434787,
  "x": 344.34782608695656,
  "y": 214.43478260869566,
  "z": 14000
}