{
  "height": 161.21739130434784,
  "id": 2661687244,
  "tabOrder": 1000,
  "width": 790.43478260869574,
  "x": 21.913043478260871,
  "y": 353.73913043478262,
  "z": 0
}