{
  "height": 34.434782608695656,
  "tabOrder": 15000,
  "width": 233.21739130434784,
  "x": 560.34782608695662,
  "y": 43.826086956521742,
  "z": 15000
}