{
  "height": 82.3203026481715,
  "id": 2661687240,
  "tabOrder": 2000,
  "width": 1236.4186633039092,
  "x": 20.983606557377051,
  "y": 121.05926860025221,
  "z": 0
}