{
  "height": 59.478260869565219,
  "tabOrder": 9000,
  "width": 137,
  "x": 1095.6521736355849,
  "y": 321.50850689401096,
  "z": 7000
}