{
  "height": 67.793190416141243,
  "tabOrder": 11000,
  "width": 1173.4678436317781,
  "x": 92.005044136191685,
  "y": 8.07061790668348,
  "z": 10000
}