{
  "height": 57.913043478260875,
  "id": 2661687243,
  "tabOrder": 5000,
  "width": 144,
  "x": 1122,
  "y": 306.78260869565219,
  "z": 2000
}