{
  "height": 54.782608695652179,
  "tabOrder": 1000,
  "width": 116,
  "x": 944.87617092895766,
  "y": 111.37452711223202,
  "z": 1000
}