{
  "height": 54.663774403470718,
  "tabOrder": 22000,
  "width": 148.37310195227766,
  "x": 1024.5553145336225,
  "y": 101.5184381778742,
  "z": 22000
}