{
  "height": 48.521739130434788,
  "tabOrder": 6000,
  "width": 137.73913043478262,
  "x": 1105.0434782608697,
  "y": 15.948056217637872,
  "z": 10000
}