{
  "height": 180,
  "tabOrder": 2000,
  "width": 457.04347826086962,
  "x": 25.043478260869566,
  "y": 108,
  "z": 16000
}