{
  "height": 61,
  "tabOrder": 22000,
  "width": 118.304347826087,
  "x": 1147.6755969690332,
  "y": 405.25859941076368,
  "z": 18000
}