{
  "height": 180,
  "id": 2661687244,
  "tabOrder": 6000,
  "width": 1075.304347826087,
  "x": 25.043478260869566,
  "y": 317.73913043478262,
  "z": 3000
}