{
  "height": 72,
  "tabOrder": 12000,
  "width": 145.56521739130437,
  "x": 1006.4347826086957,
  "y": 10.956521739130435,
  "z": 11000
}