{
  "height": 54.782608695652179,
  "tabOrder": 1000,
  "width": 115.82608695652175,
  "x": 850.06941431670668,
  "y": 112.45119305857578,
  "z": 1000
}