{
  "height": 339.2920353982301,
  "width": 1252.0353982300885,
  "x": 9.557522123893806,
  "y": 348.84955752212392,
  "z": 1000
}