{
  "height": 59.722572509457756,
  "tabOrder": 11000,
  "width": 150.11349306431273,
  "x": 979.77301387137459,
  "y": 16.141235813366961,
  "z": 11000
}