{
  "height": 59.478260869565219,
  "id": 2661687246,
  "tabOrder": 5000,
  "width": 137,
  "x": 1095.6521736355849,
  "y": 105.50850689401074,
  "z": 3000
}