{
  "height": 59.478260869565219,
  "tabOrder": 3000,
  "width": 129.91304347826087,
  "x": 1117.5652173913045,
  "y": 222.69565168250242,
  "z": 7000
}