{
  "height": 26.608695652173914,
  "tabOrder": 31000,
  "width": 115.82608695652175,
  "x": 1144.7877803708986,
  "y": 308.47561353130607,
  "z": 31000
}