{
  "height": 144.0637450199203,
  "tabOrder": 4000,
  "width": 1116.812749003984,
  "x": 12.749003984063744,
  "y": 575.93625498007964,
  "z": 3000
}