{
  "height": 39.130434782608695,
  "tabOrder": 35000,
  "width": 68.869565217391312,
  "x": 1164.521739130435,
  "y": 430.43478260869568,
  "z": 35000
}