{
  "height": 54.663774403470718,
  "tabOrder": 21000,
  "width": 148.37310195227766,
  "x": 299.86984815618223,
  "y": 18.741865509761389,
  "z": 21000
}