{
  "height": 57.913043478260875,
  "id": 2661687242,
  "tabOrder": 4000,
  "width": 144,
  "x": 1122.2608695652175,
  "y": 449.21739130434787,
  "z": 1000
}