{
  "height": 408.52173913043481,
  "tabOrder": 15000,
  "width": 241.04347826086959,
  "x": 846.78260869565224,
  "y": 106.43478260869566,
  "z": 15000
}