{
  "height": 29.739130434782609,
  "tabOrder": 23000,
  "width": 131.47826086956522,
  "x": 1137.913043478261,
  "y": 579.13043478260875,
  "z": 22000
}